task,trials,successes,SR,last,avg_steps,avg_tokens,memory_size_last,hit_rate_last,reuse_rate_last,replay_total_last,mutation_total_last,pruned_total_last,source
OpenAppTaskEval,14,11,0.7857142857142857,1.0,3.4285714285714284,80124.92857142857,1.0,0.5945945945945946,0.4594594594594595,17.0,5.0,0.0,results_csv
ClockStopWatchRunning,5,5,1.0,1.0,3.8,72668.4,1.0,0.625,0.48214285714285715,27.0,8.0,0.0,results_csv
ClockStopWatchPausedVerify,5,5,1.0,1.0,3.0,61502.2,1.0,0.6818181818181818,0.5303030303030303,35.0,10.0,0.0,results_csv
RecipeDeleteSingleRecipe,5,2,0.4,0.0,9.2,206037.8,2.0,0.5892857142857143,0.4642857142857143,52.0,14.0,0.0,results_csv
RecipeDeleteSingleWithRecipeWithNoise,5,0,0.0,0.0,20.0,717383.6,1.0,0.33962264150943394,0.2688679245283019,57.0,15.0,0.0,results_csv
AudioRecorderRecordAudio,5,5,1.0,1.0,4.0,76894.8,2.0,0.3793103448275862,0.3017241379310345,70.0,18.0,0.0,results_csv
BrowserDraw,5,0,0.0,0.0,20.0,551114.8,2.0,0.26506024096385544,0.21084337349397592,70.0,18.0,0.0,results_csv
CameraTakePhoto,5,0,0.0,0.0,10.0,167971.2,2.0,0.23036649214659685,0.18324607329842932,70.0,18.0,0.0,results_csv
ContactsAddContact,5,3,0.6,1.0,10.0,181680.2,3.0,0.23039215686274508,0.18137254901960784,74.0,20.0,0.0,results_csv
ExpenseAddSingle,5,2,0.4,1.0,10.8,275798.0,4.0,0.25165562913907286,0.1986754966887417,90.0,24.0,0.0,results_csv
FilesDeleteFile,5,1,0.2,0.0,21.4,240513.0,4.0,0.24622030237580994,0.19438444924406048,90.0,24.0,0.0,results_csv
MarkorCreateFolder,5,0,0.0,0.0,10.0,277154.6,4,0.22,0.18,90,24,0,user_reported_terminal_table
NotesIsTodo,5,0,0.0,0.0,10.0,287416.8,4,0.2,0.16,90,24,0,user_reported_terminal_table
OsmAndFavorite,5,0,0.0,0.0,13.0,286908.25,4,0.19,0.15,90,24,0,user_reported_terminal_table
RetroPlayingQueue,5,0,0.0,0.0,,,,,,,,,user_confirmed_sr_zero
SimpleCalendarAddOneEventTomorrow,5,0,0.0,0.0,,,,,,,,,user_confirmed_sr_zero
SimpleDrawProCreateDrawing,5,3,0.6,1.0,14.6,422991.0,1.0,0.0684931506849315,0.0410958904109589,3.0,2.0,0.0,results_csv
SimpleSmsReply,5,3,0.6,1.0,11.2,325268.8,1.0,0.08620689655172414,0.05172413793103448,6.0,4.0,0.0,results_csv
SportsTrackerActivitiesCountForWeek,5,0,0.0,0.0,,,,,,,,,user_confirmed_sr_zero
SystemWifiTurnOn,5,5,1.0,1.0,4.4,98054.8,2.0,0.18840579710144928,0.13768115942028986,19.0,7.0,0.0,results_csv
TasksDueOnDate,5,0,0.0,0.0,,,,,,,,,user_confirmed_sr_zero
VlcCreatePlaylist,5,0,0.0,0.0,,,,,,,,,user_confirmed_sr_zero
